Subjekti Politik,Numri i votave,Përqindja e votave të vlefshme,Komuna
AAK-PSD KOALICIONI 100% KOSOVË,9269,62.87,Deçan
LIDHJA DEMOKRATIKE E KOSOVËS,3431,23.27,Deçan
LËVIZJA VETËVENDOSJE!,954,6.47,Deçan
PARTIA DEMOKRATIKE E KOSOVËS,687,4.66,Deçan
NISMA SOCIALDEMOKRATE – ALEANCA KOSOVA E RE – PARTIA E DREJTËSISË,231,1.57,Deçan
PARTIA E ASHKALINJËVE PËR INTEGRIM,32,0.22,Deçan
PARTIA LIBERALE EGJIPTIANE,27,0.18,Deçan
PARTIA DEMOKRATIKE E ASHKANLIVE TË KOSOVËS,22,0.15,Deçan
FJALA,18,0.12,Deçan
PARTIA EUROATLANTIKE E KOSOVËS,12,0.08,Deçan
POKRET ZA GORA,10,0.07,Deçan
GRAÐANSKA İNİCİJATİVA GORE,10,0.07,Deçan
NOVA DEMOKRATSKA STRANKA,9,0.06,Deçan
SRPSKA LISTA,9,0.06,Deçan
PARTIA ROME E BASHKUAR E KOSOVËS,5,0.03,Deçan
STRANKA DEMOKRATSKE AKCIJE,4,0.03,Deçan
INICIATIVA E RE DEMOKRATIKE E KOSOVËS,3,0.02,Deçan
PARTIJA KOSOVSKIH SRBA,2,0.01,Deçan
SLOBODA,2,0.01,Deçan
SAMOSTALNA LIBERALNA STRANKA,2,0.01,Deçan
KOALICIJA VAKAT,2,0.01,Deçan
ESMIR KASI,2,0.01,Deçan
JEDINSTVENA GORANSKA PARTIJA,0,0.0,Deçan
KOSOVA DEMOKRATIK TÜRK PARTISI,0,0.0,Deçan
KOSOVAKI NEVI ROMANI PARTIA,0,0.0,Deçan
PARTIA LIBERALE EGJIPTIANE,27,0.21,Dragash
PARTIA DEMOKRATIKE E KOSOVËS,3397,26.85,Dragash
PARTIA E ASHKALINJËVE PËR INTEGRIM,17,0.13,Dragash
STRANKA DEMOKRATSKE AKCIJE,13,0.1,Dragash
PARTIJA KOSOVSKIH SRBA,6,0.05,Dragash
PARTIA DEMOKRATIKE E ASHKANLIVE TË KOSOVËS,5,0.04,Dragash
POKRET ZA GORA,507,4.01,Dragash
NOVA DEMOKRATSKA STRANKA,80,0.63,Dragash
AAK-PSD KOALICIONI 100% KOSOVË,377,2.98,Dragash
SLOBODA,22,0.17,Dragash
SAMOSTALNA LIBERALNA STRANKA,5,0.04,Dragash
NISMA SOCIALDEMOKRATE – ALEANCA KOSOVA E RE – PARTIA E DREJTËSISË,457,3.61,Dragash
JEDINSTVENA GORANSKA PARTIJA,754,5.96,Dragash
KOALICIJA VAKAT,1267,10.01,Dragash
FJALA,64,0.51,Dragash
LËVIZJA VETËVENDOSJE!,1392,11.0,Dragash
KOSOVA DEMOKRATIK TÜRK PARTISI,7,0.06,Dragash
PARTIA ROME E BASHKUAR E KOSOVËS,5,0.04,Dragash
PARTIA EUROATLANTIKE E KOSOVËS,1,0.01,Dragash
KOSOVAKI NEVI ROMANI PARTIA,1,0.01,Dragash
INICIATIVA E RE DEMOKRATIKE E KOSOVËS,4,0.03,Dragash
ESMIR KASI,4,0.03,Dragash
GRAÐANSKA İNİCİJATİVA GORE,265,2.09,Dragash
LIDHJA DEMOKRATIKE E KOSOVËS,3659,28.92,Dragash
SRPSKA LISTA,317,2.51,Dragash
PARTIA LIBERALE EGJIPTIANE,407,0.84,Ferizaj
PARTIA DEMOKRATIKE E KOSOVËS,12374,25.45,Ferizaj
PARTIA E ASHKALINJËVE PËR INTEGRIM,724,1.49,Ferizaj
STRANKA DEMOKRATSKE AKCIJE,15,0.03,Ferizaj
PARTIJA KOSOVSKIH SRBA,19,0.04,Ferizaj
PARTIA DEMOKRATIKE E ASHKANLIVE TË KOSOVËS,555,1.14,Ferizaj
POKRET ZA GORA,14,0.03,Ferizaj
NOVA DEMOKRATSKA STRANKA,30,0.06,Ferizaj
AAK-PSD KOALICIONI 100% KOSOVË,3204,6.59,Ferizaj
SLOBODA,13,0.03,Ferizaj
SAMOSTALNA LIBERALNA STRANKA,24,0.05,Ferizaj
NISMA SOCIALDEMOKRATE – ALEANCA KOSOVA E RE – PARTIA E DREJTËSISË,2159,4.44,Ferizaj
JEDINSTVENA GORANSKA PARTIJA,25,0.05,Ferizaj
KOALICIJA VAKAT,49,0.1,Ferizaj
FJALA,114,0.23,Ferizaj
LËVIZJA VETËVENDOSJE!,16682,34.31,Ferizaj
KOSOVA DEMOKRATIK TÜRK PARTISI,12,0.02,Ferizaj
PARTIA ROME E BASHKUAR E KOSOVËS,20,0.04,Ferizaj
PARTIA EUROATLANTIKE E KOSOVËS,35,0.07,Ferizaj
KOSOVAKI NEVI ROMANI PARTIA,5,0.01,Ferizaj
INICIATIVA E RE DEMOKRATIKE E KOSOVËS,6,0.01,Ferizaj
ESMIR KASI,9,0.02,Ferizaj
GRAÐANSKA İNİCİJATİVA GORE,27,0.06,Ferizaj
LIDHJA DEMOKRATIKE E KOSOVËS,12085,24.85,Ferizaj
SRPSKA LISTA,18,0.04,Ferizaj
PARTIA LIBERALE EGJIPTIANE,793,4.63,Fushë Kosovë
PARTIA DEMOKRATIKE E KOSOVËS,3132,18.28,Fushë Kosovë
PARTIA E ASHKALINJËVE PËR INTEGRIM,391,2.28,Fushë Kosovë
STRANKA DEMOKRATSKE AKCIJE,4,0.02,Fushë Kosovë
PARTIJA KOSOVSKIH SRBA,3,0.02,Fushë Kosovë
PARTIA DEMOKRATIKE E ASHKANLIVE TË KOSOVËS,196,1.14,Fushë Kosovë
POKRET ZA GORA,2,0.01,Fushë Kosovë
NOVA DEMOKRATSKA STRANKA,4,0.02,Fushë Kosovë
AAK-PSD KOALICIONI 100% KOSOVË,1011,5.9,Fushë Kosovë
SLOBODA,8,0.05,Fushë Kosovë
SAMOSTALNA LIBERALNA STRANKA,7,0.04,Fushë Kosovë
NISMA SOCIALDEMOKRATE – ALEANCA KOSOVA E RE – PARTIA E DREJTËSISË,657,3.84,Fushë Kosovë
JEDINSTVENA GORANSKA PARTIJA,1,0.01,Fushë Kosovë
KOALICIJA VAKAT,5,0.03,Fushë Kosovë
FJALA,56,0.33,Fushë Kosovë
LËVIZJA VETËVENDOSJE!,5019,29.3,Fushë Kosovë
KOSOVA DEMOKRATIK TÜRK PARTISI,11,0.06,Fushë Kosovë
PARTIA ROME E BASHKUAR E KOSOVËS,34,0.2,Fushë Kosovë
PARTIA EUROATLANTIKE E KOSOVËS,32,0.19,Fushë Kosovë
KOSOVAKI NEVI ROMANI PARTIA,1,0.01,Fushë Kosovë
INICIATIVA E RE DEMOKRATIKE E KOSOVËS,92,0.54,Fushë Kosovë
ESMIR KASI,1,0.01,Fushë Kosovë
GRAÐANSKA İNİCİJATİVA GORE,13,0.08,Fushë Kosovë
LIDHJA DEMOKRATIKE E KOSOVËS,5275,30.79,Fushë Kosovë
SRPSKA LISTA,383,2.24,Fushë Kosovë
PARTIA LIBERALE EGJIPTIANE,868,2.16,Gjakovë
PARTIA DEMOKRATIKE E KOSOVËS,3646,9.07,Gjakovë
PARTIA E ASHKALINJËVE PËR INTEGRIM,99,0.25,Gjakovë
STRANKA DEMOKRATSKE AKCIJE,11,0.03,Gjakovë
PARTIJA KOSOVSKIH SRBA,6,0.01,Gjakovë
PARTIA DEMOKRATIKE E ASHKANLIVE TË KOSOVËS,38,0.09,Gjakovë
POKRET ZA GORA,7,0.02,Gjakovë
NOVA DEMOKRATSKA STRANKA,79,0.2,Gjakovë
AAK-PSD KOALICIONI 100% KOSOVË,13888,34.56,Gjakovë
SLOBODA,11,0.03,Gjakovë
SAMOSTALNA LIBERALNA STRANKA,20,0.05,Gjakovë
NISMA SOCIALDEMOKRATE – ALEANCA KOSOVA E RE – PARTIA E DREJTËSISË,1126,2.8,Gjakovë
JEDINSTVENA GORANSKA PARTIJA,6,0.01,Gjakovë
KOALICIJA VAKAT,37,0.09,Gjakovë
FJALA,123,0.31,Gjakovë
LËVIZJA VETËVENDOSJE!,12315,30.64,Gjakovë
KOSOVA DEMOKRATIK TÜRK PARTISI,8,0.02,Gjakovë
PARTIA ROME E BASHKUAR E KOSOVËS,71,0.18,Gjakovë
PARTIA EUROATLANTIKE E KOSOVËS,85,0.21,Gjakovë
KOSOVAKI NEVI ROMANI PARTIA,15,0.04,Gjakovë
INICIATIVA E RE DEMOKRATIKE E KOSOVËS,401,1.0,Gjakovë
ESMIR KASI,7,0.02,Gjakovë
GRAÐANSKA İNİCİJATİVA GORE,17,0.04,Gjakovë
LIDHJA DEMOKRATIKE E KOSOVËS,7295,18.15,Gjakovë
SRPSKA LISTA,9,0.02,Gjakovë
PARTIA LIBERALE EGJIPTIANE,99,0.22,Gjilan
PARTIA DEMOKRATIKE E KOSOVËS,8177,17.99,Gjilan
PARTIA E ASHKALINJËVE PËR INTEGRIM,17,0.04,Gjilan
STRANKA DEMOKRATSKE AKCIJE,15,0.03,Gjilan
PARTIJA KOSOVSKIH SRBA,9,0.02,Gjilan
PARTIA DEMOKRATIKE E ASHKANLIVE TË KOSOVËS,77,0.17,Gjilan
POKRET ZA GORA,9,0.02,Gjilan
NOVA DEMOKRATSKA STRANKA,63,0.14,Gjilan
AAK-PSD KOALICIONI 100% KOSOVË,3238,7.13,Gjilan
SLOBODA,14,0.03,Gjilan
SAMOSTALNA LIBERALNA STRANKA,64,0.14,Gjilan
NISMA SOCIALDEMOKRATE – ALEANCA KOSOVA E RE – PARTIA E DREJTËSISË,1565,3.44,Gjilan
JEDINSTVENA GORANSKA PARTIJA,12,0.03,Gjilan
KOALICIJA VAKAT,52,0.11,Gjilan
FJALA,105,0.23,Gjilan
LËVIZJA VETËVENDOSJE!,17864,39.31,Gjilan
KOSOVA DEMOKRATIK TÜRK PARTISI,496,1.09,Gjilan
PARTIA ROME E BASHKUAR E KOSOVËS,26,0.06,Gjilan
PARTIA EUROATLANTIKE E KOSOVËS,86,0.19,Gjilan
KOSOVAKI NEVI ROMANI PARTIA,3,0.01,Gjilan
INICIATIVA E RE DEMOKRATIKE E KOSOVËS,12,0.03,Gjilan
ESMIR KASI,4,0.01,Gjilan
GRAÐANSKA İNİCİJATİVA GORE,26,0.06,Gjilan
LIDHJA DEMOKRATIKE E KOSOVËS,12217,26.88,Gjilan
SRPSKA LISTA,1195,2.63,Gjilan
PARTIA LIBERALE EGJIPTIANE,302,1.35,Gllogoc
PARTIA DEMOKRATIKE E KOSOVËS,14555,65.29,Gllogoc
PARTIA E ASHKALINJËVE PËR INTEGRIM,18,0.08,Gllogoc
STRANKA DEMOKRATSKE AKCIJE,28,0.13,Gllogoc
PARTIJA KOSOVSKIH SRBA,23,0.1,Gllogoc
PARTIA DEMOKRATIKE E ASHKANLIVE TË KOSOVËS,9,0.04,Gllogoc
POKRET ZA GORA,3,0.01,Gllogoc
NOVA DEMOKRATSKA STRANKA,3,0.01,Gllogoc
AAK-PSD KOALICIONI 100% KOSOVË,1582,7.1,Gllogoc
SLOBODA,5,0.02,Gllogoc
SAMOSTALNA LIBERALNA STRANKA,12,0.05,Gllogoc
NISMA SOCIALDEMOKRATE – ALEANCA KOSOVA E RE – PARTIA E DREJTËSISË,1733,7.77,Gllogoc
JEDINSTVENA GORANSKA PARTIJA,11,0.05,Gllogoc
KOALICIJA VAKAT,6,0.03,Gllogoc
FJALA,100,0.45,Gllogoc
LËVIZJA VETËVENDOSJE!,2472,11.09,Gllogoc
KOSOVA DEMOKRATIK TÜRK PARTISI,4,0.02,Gllogoc
PARTIA ROME E BASHKUAR E KOSOVËS,1,0.0,Gllogoc
PARTIA EUROATLANTIKE E KOSOVËS,95,0.43,Gllogoc
KOSOVAKI NEVI ROMANI PARTIA,0,0.0,Gllogoc
INICIATIVA E RE DEMOKRATIKE E KOSOVËS,2,0.01,Gllogoc
ESMIR KASI,1,0.0,Gllogoc
GRAÐANSKA İNİCİJATİVA GORE,2,0.01,Gllogoc
LIDHJA DEMOKRATIKE E KOSOVËS,1324,5.94,Gllogoc
SRPSKA LISTA,2,0.01,Gllogoc
PARTIA LIBERALE EGJIPTIANE,1,0.01,Graçanicë
PARTIA DEMOKRATIKE E KOSOVËS,156,1.7,Graçanicë
PARTIA E ASHKALINJËVE PËR INTEGRIM,4,0.04,Graçanicë
STRANKA DEMOKRATSKE AKCIJE,3,0.03,Graçanicë
PARTIJA KOSOVSKIH SRBA,15,0.16,Graçanicë
PARTIA DEMOKRATIKE E ASHKANLIVE TË KOSOVËS,3,0.03,Graçanicë
POKRET ZA GORA,1,0.01,Graçanicë
NOVA DEMOKRATSKA STRANKA,6,0.07,Graçanicë
AAK-PSD KOALICIONI 100% KOSOVË,40,0.44,Graçanicë
SLOBODA,170,1.86,Graçanicë
SAMOSTALNA LIBERALNA STRANKA,379,4.14,Graçanicë
NISMA SOCIALDEMOKRATE – ALEANCA KOSOVA E RE – PARTIA E DREJTËSISË,40,0.44,Graçanicë
JEDINSTVENA GORANSKA PARTIJA,4,0.04,Graçanicë
KOALICIJA VAKAT,6,0.07,Graçanicë
FJALA,5,0.05,Graçanicë
LËVIZJA VETËVENDOSJE!,159,1.74,Graçanicë
KOSOVA DEMOKRATIK TÜRK PARTISI,1,0.01,Graçanicë
PARTIA ROME E BASHKUAR E KOSOVËS,12,0.13,Graçanicë
PARTIA EUROATLANTIKE E KOSOVËS,0,0.0,Graçanicë
KOSOVAKI NEVI ROMANI PARTIA,8,0.09,Graçanicë
INICIATIVA E RE DEMOKRATIKE E KOSOVËS,4,0.04,Graçanicë
ESMIR KASI,0,0.0,Graçanicë
GRAÐANSKA İNİCİJATİVA GORE,2,0.02,Graçanicë
LIDHJA DEMOKRATIKE E KOSOVËS,256,2.79,Graçanicë
SRPSKA LISTA,7887,86.08,Graçanicë
PARTIA LIBERALE EGJIPTIANE,7,0.2,Hani i Elezit
PARTIA DEMOKRATIKE E KOSOVËS,1032,29.57,Hani i Elezit
PARTIA E ASHKALINJËVE PËR INTEGRIM,1,0.03,Hani i Elezit
STRANKA DEMOKRATSKE AKCIJE,0,0.0,Hani i Elezit
PARTIJA KOSOVSKIH SRBA,0,0.0,Hani i Elezit
PARTIA DEMOKRATIKE E ASHKANLIVE TË KOSOVËS,3,0.09,Hani i Elezit
POKRET ZA GORA,0,0.0,Hani i Elezit
NOVA DEMOKRATSKA STRANKA,1,0.03,Hani i Elezit
AAK-PSD KOALICIONI 100% KOSOVË,257,7.36,Hani i Elezit
SLOBODA,1,0.03,Hani i Elezit
SAMOSTALNA LIBERALNA STRANKA,2,0.06,Hani i Elezit
NISMA SOCIALDEMOKRATE – ALEANCA KOSOVA E RE – PARTIA E DREJTËSISË,303,8.68,Hani i Elezit
JEDINSTVENA GORANSKA PARTIJA,0,0.0,Hani i Elezit
KOALICIJA VAKAT,6,0.17,Hani i Elezit
FJALA,11,0.32,Hani i Elezit
LËVIZJA VETËVENDOSJE!,1278,36.62,Hani i Elezit
KOSOVA DEMOKRATIK TÜRK PARTISI,2,0.06,Hani i Elezit
PARTIA ROME E BASHKUAR E KOSOVËS,2,0.06,Hani i Elezit
PARTIA EUROATLANTIKE E KOSOVËS,0,0.0,Hani i Elezit
KOSOVAKI NEVI ROMANI PARTIA,0,0.0,Hani i Elezit
INICIATIVA E RE DEMOKRATIKE E KOSOVËS,0,0.0,Hani i Elezit
ESMIR KASI,0,0.0,Hani i Elezit
GRAÐANSKA İNİCİJATİVA GORE,1,0.03,Hani i Elezit
LIDHJA DEMOKRATIKE E KOSOVËS,583,16.7,Hani i Elezit
SRPSKA LISTA,0,0.0,Hani i Elezit
PARTIA LIBERALE EGJIPTIANE,204,1.12,Istog
PARTIA DEMOKRATIKE E KOSOVËS,2324,12.77,Istog
PARTIA E ASHKALINJËVE PËR INTEGRIM,24,0.13,Istog
STRANKA DEMOKRATSKE AKCIJE,205,1.13,Istog
PARTIJA KOSOVSKIH SRBA,2,0.01,Istog
PARTIA DEMOKRATIKE E ASHKANLIVE TË KOSOVËS,16,0.09,Istog
POKRET ZA GORA,1,0.01,Istog
NOVA DEMOKRATSKA STRANKA,155,0.85,Istog
AAK-PSD KOALICIONI 100% KOSOVË,3383,18.59,Istog
SLOBODA,7,0.04,Istog
SAMOSTALNA LIBERALNA STRANKA,7,0.04,Istog
NISMA SOCIALDEMOKRATE – ALEANCA KOSOVA E RE – PARTIA E DREJTËSISË,331,1.82,Istog
JEDINSTVENA GORANSKA PARTIJA,2,0.01,Istog
KOALICIJA VAKAT,83,0.46,Istog
FJALA,51,0.28,Istog
LËVIZJA VETËVENDOSJE!,2344,12.88,Istog
KOSOVA DEMOKRATIK TÜRK PARTISI,2,0.01,Istog
PARTIA ROME E BASHKUAR E KOSOVËS,10,0.05,Istog
PARTIA EUROATLANTIKE E KOSOVËS,36,0.2,Istog
KOSOVAKI NEVI ROMANI PARTIA,2,0.01,Istog
INICIATIVA E RE DEMOKRATIKE E KOSOVËS,360,1.98,Istog
ESMIR KASI,2,0.01,Istog
GRAÐANSKA İNİCİJATİVA GORE,20,0.11,Istog
LIDHJA DEMOKRATIKE E KOSOVËS,8350,45.88,Istog
SRPSKA LISTA,280,1.54,Istog
PARTIA LIBERALE EGJIPTIANE,7,0.35,Junik
PARTIA DEMOKRATIKE E KOSOVËS,128,6.38,Junik
PARTIA E ASHKALINJËVE PËR INTEGRIM,0,0.0,Junik
STRANKA DEMOKRATSKE AKCIJE,0,0.0,Junik
PARTIJA KOSOVSKIH SRBA,0,0.0,Junik
PARTIA DEMOKRATIKE E ASHKANLIVE TË KOSOVËS,1,0.05,Junik
POKRET ZA GORA,0,0.0,Junik
NOVA DEMOKRATSKA STRANKA,1,0.05,Junik
AAK-PSD KOALICIONI 100% KOSOVË,1009,50.32,Junik
SLOBODA,1,0.05,Junik
SAMOSTALNA LIBERALNA STRANKA,0,0.0,Junik
NISMA SOCIALDEMOKRATE – ALEANCA KOSOVA E RE – PARTIA E DREJTËSISË,48,2.39,Junik
JEDINSTVENA GORANSKA PARTIJA,0,0.0,Junik
KOALICIJA VAKAT,3,0.15,Junik
FJALA,0,0.0,Junik
LËVIZJA VETËVENDOSJE!,171,8.53,Junik
KOSOVA DEMOKRATIK TÜRK PARTISI,0,0.0,Junik
PARTIA ROME E BASHKUAR E KOSOVËS,0,0.0,Junik
PARTIA EUROATLANTIKE E KOSOVËS,2,0.1,Junik
KOSOVAKI NEVI ROMANI PARTIA,0,0.0,Junik
INICIATIVA E RE DEMOKRATIKE E KOSOVËS,0,0.0,Junik
ESMIR KASI,0,0.0,Junik
GRAÐANSKA İNİCİJATİVA GORE,1,0.05,Junik
LIDHJA DEMOKRATIKE E KOSOVËS,632,31.52,Junik
SRPSKA LISTA,1,0.05,Junik
PARTIA LIBERALE EGJIPTIANE,23,0.15,Kamenicë
PARTIA DEMOKRATIKE E KOSOVËS,2213,14.52,Kamenicë
PARTIA E ASHKALINJËVE PËR INTEGRIM,9,0.06,Kamenicë
STRANKA DEMOKRATSKE AKCIJE,0,0.0,Kamenicë
PARTIJA KOSOVSKIH SRBA,5,0.03,Kamenicë
PARTIA DEMOKRATIKE E ASHKANLIVE TË KOSOVËS,8,0.05,Kamenicë
POKRET ZA GORA,2,0.01,Kamenicë
NOVA DEMOKRATSKA STRANKA,0,0.0,Kamenicë
AAK-PSD KOALICIONI 100% KOSOVË,2312,15.17,Kamenicë
SLOBODA,12,0.08,Kamenicë
SAMOSTALNA LIBERALNA STRANKA,18,0.12,Kamenicë
NISMA SOCIALDEMOKRATE – ALEANCA KOSOVA E RE – PARTIA E DREJTËSISË,1267,8.31,Kamenicë
JEDINSTVENA GORANSKA PARTIJA,4,0.03,Kamenicë
KOALICIJA VAKAT,9,0.06,Kamenicë
FJALA,28,0.18,Kamenicë
LËVIZJA VETËVENDOSJE!,4692,30.78,Kamenicë
KOSOVA DEMOKRATIK TÜRK PARTISI,14,0.09,Kamenicë
PARTIA ROME E BASHKUAR E KOSOVËS,24,0.16,Kamenicë
PARTIA EUROATLANTIKE E KOSOVËS,9,0.06,Kamenicë
KOSOVAKI NEVI ROMANI PARTIA,3,0.02,Kamenicë
INICIATIVA E RE DEMOKRATIKE E KOSOVËS,1,0.01,Kamenicë
ESMIR KASI,2,0.01,Kamenicë
GRAÐANSKA İNİCİJATİVA GORE,11,0.07,Kamenicë
LIDHJA DEMOKRATIKE E KOSOVËS,3221,21.13,Kamenicë
SRPSKA LISTA,1355,8.89,Kamenicë
PARTIA LIBERALE EGJIPTIANE,57,0.39,Kaçanik
PARTIA DEMOKRATIKE E KOSOVËS,4725,32.3,Kaçanik
PARTIA E ASHKALINJËVE PËR INTEGRIM,211,1.44,Kaçanik
STRANKA DEMOKRATSKE AKCIJE,4,0.03,Kaçanik
PARTIJA KOSOVSKIH SRBA,2,0.01,Kaçanik
PARTIA DEMOKRATIKE E ASHKANLIVE TË KOSOVËS,5,0.03,Kaçanik
POKRET ZA GORA,0,0.0,Kaçanik
NOVA DEMOKRATSKA STRANKA,41,0.28,Kaçanik
AAK-PSD KOALICIONI 100% KOSOVË,822,5.62,Kaçanik
SLOBODA,3,0.02,Kaçanik
SAMOSTALNA LIBERALNA STRANKA,26,0.18,Kaçanik
NISMA SOCIALDEMOKRATE – ALEANCA KOSOVA E RE – PARTIA E DREJTËSISË,835,5.71,Kaçanik
JEDINSTVENA GORANSKA PARTIJA,1,0.01,Kaçanik
KOALICIJA VAKAT,412,2.82,Kaçanik
FJALA,31,0.21,Kaçanik
LËVIZJA VETËVENDOSJE!,5010,34.25,Kaçanik
KOSOVA DEMOKRATIK TÜRK PARTISI,3,0.02,Kaçanik
PARTIA ROME E BASHKUAR E KOSOVËS,1,0.01,Kaçanik
PARTIA EUROATLANTIKE E KOSOVËS,13,0.09,Kaçanik
KOSOVAKI NEVI ROMANI PARTIA,0,0.0,Kaçanik
INICIATIVA E RE DEMOKRATIKE E KOSOVËS,2,0.01,Kaçanik
ESMIR KASI,0,0.0,Kaçanik
GRAÐANSKA İNİCİJATİVA GORE,5,0.03,Kaçanik
LIDHJA DEMOKRATIKE E KOSOVËS,2416,16.52,Kaçanik
SRPSKA LISTA,4,0.03,Kaçanik
PARTIA LIBERALE EGJIPTIANE,291,1.77,Klinë
PARTIA DEMOKRATIKE E KOSOVËS,4412,26.77,Klinë
PARTIA E ASHKALINJËVE PËR INTEGRIM,11,0.07,Klinë
STRANKA DEMOKRATSKE AKCIJE,4,0.02,Klinë
PARTIJA KOSOVSKIH SRBA,2,0.01,Klinë
PARTIA DEMOKRATIKE E ASHKANLIVE TË KOSOVËS,12,0.07,Klinë
POKRET ZA GORA,3,0.02,Klinë
NOVA DEMOKRATSKA STRANKA,45,0.27,Klinë
AAK-PSD KOALICIONI 100% KOSOVË,4456,27.03,Klinë
SLOBODA,69,0.42,Klinë
SAMOSTALNA LIBERALNA STRANKA,9,0.05,Klinë
NISMA SOCIALDEMOKRATE – ALEANCA KOSOVA E RE – PARTIA E DREJTËSISË,808,4.9,Klinë
JEDINSTVENA GORANSKA PARTIJA,8,0.05,Klinë
KOALICIJA VAKAT,10,0.06,Klinë
FJALA,53,0.32,Klinë
LËVIZJA VETËVENDOSJE!,1560,9.46,Klinë
KOSOVA DEMOKRATIK TÜRK PARTISI,2,0.01,Klinë
PARTIA ROME E BASHKUAR E KOSOVËS,7,0.04,Klinë
PARTIA EUROATLANTIKE E KOSOVËS,38,0.23,Klinë
KOSOVAKI NEVI ROMANI PARTIA,2,0.01,Klinë
INICIATIVA E RE DEMOKRATIKE E KOSOVËS,50,0.3,Klinë
ESMIR KASI,2,0.01,Klinë
GRAÐANSKA İNİCİJATİVA GORE,9,0.05,Klinë
LIDHJA DEMOKRATIKE E KOSOVËS,4444,26.96,Klinë
SRPSKA LISTA,176,1.07,Klinë
PARTIA LIBERALE EGJIPTIANE,13,0.69,Kllokot
PARTIA DEMOKRATIKE E KOSOVËS,106,5.6,Kllokot
PARTIA E ASHKALINJËVE PËR INTEGRIM,0,0.0,Kllokot
STRANKA DEMOKRATSKE AKCIJE,1,0.05,Kllokot
PARTIJA KOSOVSKIH SRBA,0,0.0,Kllokot
PARTIA DEMOKRATIKE E ASHKANLIVE TË KOSOVËS,0,0.0,Kllokot
POKRET ZA GORA,1,0.05,Kllokot
NOVA DEMOKRATSKA STRANKA,0,0.0,Kllokot
AAK-PSD KOALICIONI 100% KOSOVË,44,2.32,Kllokot
SLOBODA,4,0.21,Kllokot
SAMOSTALNA LIBERALNA STRANKA,81,4.28,Kllokot
NISMA SOCIALDEMOKRATE – ALEANCA KOSOVA E RE – PARTIA E DREJTËSISË,95,5.02,Kllokot
JEDINSTVENA GORANSKA PARTIJA,1,0.05,Kllokot
KOALICIJA VAKAT,1,0.05,Kllokot
FJALA,4,0.21,Kllokot
LËVIZJA VETËVENDOSJE!,183,9.67,Kllokot
KOSOVA DEMOKRATIK TÜRK PARTISI,0,0.0,Kllokot
PARTIA ROME E BASHKUAR E KOSOVËS,0,0.0,Kllokot
PARTIA EUROATLANTIKE E KOSOVËS,0,0.0,Kllokot
KOSOVAKI NEVI ROMANI PARTIA,1,0.05,Kllokot
INICIATIVA E RE DEMOKRATIKE E KOSOVËS,0,0.0,Kllokot
ESMIR KASI,0,0.0,Kllokot
GRAÐANSKA İNİCİJATİVA GORE,0,0.0,Kllokot
LIDHJA DEMOKRATIKE E KOSOVËS,162,8.56,Kllokot
SRPSKA LISTA,1196,63.18,Kllokot
PARTIA LIBERALE EGJIPTIANE,8,0.1,Leposaviq
PARTIA DEMOKRATIKE E KOSOVËS,72,0.94,Leposaviq
PARTIA E ASHKALINJËVE PËR INTEGRIM,3,0.04,Leposaviq
STRANKA DEMOKRATSKE AKCIJE,38,0.5,Leposaviq
PARTIJA KOSOVSKIH SRBA,469,6.14,Leposaviq
PARTIA DEMOKRATIKE E ASHKANLIVE TË KOSOVËS,4,0.05,Leposaviq
POKRET ZA GORA,5,0.07,Leposaviq
NOVA DEMOKRATSKA STRANKA,4,0.05,Leposaviq
AAK-PSD KOALICIONI 100% KOSOVË,25,0.33,Leposaviq
SLOBODA,26,0.34,Leposaviq
SAMOSTALNA LIBERALNA STRANKA,21,0.28,Leposaviq
NISMA SOCIALDEMOKRATE – ALEANCA KOSOVA E RE – PARTIA E DREJTËSISË,53,0.69,Leposaviq
JEDINSTVENA GORANSKA PARTIJA,0,0.0,Leposaviq
KOALICIJA VAKAT,14,0.18,Leposaviq
FJALA,1,0.01,Leposaviq
LËVIZJA VETËVENDOSJE!,67,0.88,Leposaviq
KOSOVA DEMOKRATIK TÜRK PARTISI,2,0.03,Leposaviq
PARTIA ROME E BASHKUAR E KOSOVËS,0,0.0,Leposaviq
PARTIA EUROATLANTIKE E KOSOVËS,0,0.0,Leposaviq
KOSOVAKI NEVI ROMANI PARTIA,1,0.01,Leposaviq
INICIATIVA E RE DEMOKRATIKE E KOSOVËS,5,0.07,Leposaviq
ESMIR KASI,1,0.01,Leposaviq
GRAÐANSKA İNİCİJATİVA GORE,3,0.04,Leposaviq
LIDHJA DEMOKRATIKE E KOSOVËS,36,0.47,Leposaviq
SRPSKA LISTA,6777,88.76,Leposaviq
PARTIA LIBERALE EGJIPTIANE,140,0.51,Lipjan
PARTIA DEMOKRATIKE E KOSOVËS,7099,25.91,Lipjan
PARTIA E ASHKALINJËVE PËR INTEGRIM,482,1.76,Lipjan
STRANKA DEMOKRATSKE AKCIJE,8,0.03,Lipjan
PARTIJA KOSOVSKIH SRBA,8,0.03,Lipjan
PARTIA DEMOKRATIKE E ASHKANLIVE TË KOSOVËS,142,0.52,Lipjan
POKRET ZA GORA,2,0.01,Lipjan
NOVA DEMOKRATSKA STRANKA,9,0.03,Lipjan
AAK-PSD KOALICIONI 100% KOSOVË,1384,5.05,Lipjan
SLOBODA,7,0.03,Lipjan
SAMOSTALNA LIBERALNA STRANKA,23,0.08,Lipjan
NISMA SOCIALDEMOKRATE – ALEANCA KOSOVA E RE – PARTIA E DREJTËSISË,1549,5.65,Lipjan
JEDINSTVENA GORANSKA PARTIJA,2,0.01,Lipjan
KOALICIJA VAKAT,17,0.06,Lipjan
FJALA,49,0.18,Lipjan
LËVIZJA VETËVENDOSJE!,5366,19.58,Lipjan
KOSOVA DEMOKRATIK TÜRK PARTISI,70,0.26,Lipjan
PARTIA ROME E BASHKUAR E KOSOVËS,13,0.05,Lipjan
PARTIA EUROATLANTIKE E KOSOVËS,18,0.07,Lipjan
KOSOVAKI NEVI ROMANI PARTIA,2,0.01,Lipjan
INICIATIVA E RE DEMOKRATIKE E KOSOVËS,12,0.04,Lipjan
ESMIR KASI,3,0.01,Lipjan
GRAÐANSKA İNİCİJATİVA GORE,18,0.07,Lipjan
LIDHJA DEMOKRATIKE E KOSOVËS,10365,37.83,Lipjan
SRPSKA LISTA,613,2.24,Lipjan
PARTIA LIBERALE EGJIPTIANE,41,0.2,Malishevë
PARTIA DEMOKRATIKE E KOSOVËS,4825,23.5,Malishevë
PARTIA E ASHKALINJËVE PËR INTEGRIM,8,0.04,Malishevë
STRANKA DEMOKRATSKE AKCIJE,4,0.02,Malishevë
PARTIJA KOSOVSKIH SRBA,2,0.01,Malishevë
PARTIA DEMOKRATIKE E ASHKANLIVE TË KOSOVËS,13,0.06,Malishevë
POKRET ZA GORA,0,0.0,Malishevë
NOVA DEMOKRATSKA STRANKA,6,0.03,Malishevë
AAK-PSD KOALICIONI 100% KOSOVË,1440,7.01,Malishevë
SLOBODA,3,0.01,Malishevë
SAMOSTALNA LIBERALNA STRANKA,16,0.08,Malishevë
NISMA SOCIALDEMOKRATE – ALEANCA KOSOVA E RE – PARTIA E DREJTËSISË,7383,35.95,Malishevë
JEDINSTVENA GORANSKA PARTIJA,9,0.04,Malishevë
KOALICIJA VAKAT,2,0.01,Malishevë
FJALA,58,0.28,Malishevë
LËVIZJA VETËVENDOSJE!,2652,12.91,Malishevë
KOSOVA DEMOKRATIK TÜRK PARTISI,11,0.05,Malishevë
PARTIA ROME E BASHKUAR E KOSOVËS,0,0.0,Malishevë
PARTIA EUROATLANTIKE E KOSOVËS,9,0.04,Malishevë
KOSOVAKI NEVI ROMANI PARTIA,0,0.0,Malishevë
INICIATIVA E RE DEMOKRATIKE E KOSOVËS,0,0.0,Malishevë
ESMIR KASI,0,0.0,Malishevë
GRAÐANSKA İNİCİJATİVA GORE,3,0.01,Malishevë
LIDHJA DEMOKRATIKE E KOSOVËS,4044,19.69,Malishevë
SRPSKA LISTA,7,0.03,Malishevë
PARTIA LIBERALE EGJIPTIANE,4,0.21,Mamushë
PARTIA DEMOKRATIKE E KOSOVËS,343,17.66,Mamushë
PARTIA E ASHKALINJËVE PËR INTEGRIM,2,0.1,Mamushë
STRANKA DEMOKRATSKE AKCIJE,0,0.0,Mamushë
PARTIJA KOSOVSKIH SRBA,0,0.0,Mamushë
PARTIA DEMOKRATIKE E ASHKANLIVE TË KOSOVËS,2,0.1,Mamushë
POKRET ZA GORA,1,0.05,Mamushë
NOVA DEMOKRATSKA STRANKA,4,0.21,Mamushë
AAK-PSD KOALICIONI 100% KOSOVË,23,1.18,Mamushë
SLOBODA,0,0.0,Mamushë
SAMOSTALNA LIBERALNA STRANKA,0,0.0,Mamushë
NISMA SOCIALDEMOKRATE – ALEANCA KOSOVA E RE – PARTIA E DREJTËSISË,120,6.18,Mamushë
JEDINSTVENA GORANSKA PARTIJA,0,0.0,Mamushë
KOALICIJA VAKAT,8,0.41,Mamushë
FJALA,45,2.32,Mamushë
LËVIZJA VETËVENDOSJE!,76,3.91,Mamushë
KOSOVA DEMOKRATIK TÜRK PARTISI,1264,65.09,Mamushë
PARTIA ROME E BASHKUAR E KOSOVËS,2,0.1,Mamushë
PARTIA EUROATLANTIKE E KOSOVËS,0,0.0,Mamushë
KOSOVAKI NEVI ROMANI PARTIA,4,0.21,Mamushë
INICIATIVA E RE DEMOKRATIKE E KOSOVËS,0,0.0,Mamushë
ESMIR KASI,0,0.0,Mamushë
GRAÐANSKA İNİCİJATİVA GORE,0,0.0,Mamushë
LIDHJA DEMOKRATIKE E KOSOVËS,41,2.11,Mamushë
SRPSKA LISTA,3,0.15,Mamushë
PARTIA LIBERALE EGJIPTIANE,91,0.29,Mitrovicë e Jugut
PARTIA DEMOKRATIKE E KOSOVËS,10676,34.41,Mitrovicë e Jugut
PARTIA E ASHKALINJËVE PËR INTEGRIM,37,0.12,Mitrovicë e Jugut
STRANKA DEMOKRATSKE AKCIJE,19,0.06,Mitrovicë e Jugut
PARTIJA KOSOVSKIH SRBA,6,0.02,Mitrovicë e Jugut
PARTIA DEMOKRATIKE E ASHKANLIVE TË KOSOVËS,90,0.29,Mitrovicë e Jugut
POKRET ZA GORA,15,0.05,Mitrovicë e Jugut
NOVA DEMOKRATSKA STRANKA,31,0.1,Mitrovicë e Jugut
AAK-PSD KOALICIONI 100% KOSOVË,944,3.04,Mitrovicë e Jugut
SLOBODA,3,0.01,Mitrovicë e Jugut
SAMOSTALNA LIBERALNA STRANKA,3,0.01,Mitrovicë e Jugut
NISMA SOCIALDEMOKRATE – ALEANCA KOSOVA E RE – PARTIA E DREJTËSISË,873,2.81,Mitrovicë e Jugut
JEDINSTVENA GORANSKA PARTIJA,3,0.01,Mitrovicë e Jugut
KOALICIJA VAKAT,38,0.12,Mitrovicë e Jugut
FJALA,203,0.65,Mitrovicë e Jugut
LËVIZJA VETËVENDOSJE!,10442,33.66,Mitrovicë e Jugut
KOSOVA DEMOKRATIK TÜRK PARTISI,218,0.7,Mitrovicë e Jugut
PARTIA ROME E BASHKUAR E KOSOVËS,47,0.15,Mitrovicë e Jugut
PARTIA EUROATLANTIKE E KOSOVËS,59,0.19,Mitrovicë e Jugut
KOSOVAKI NEVI ROMANI PARTIA,3,0.01,Mitrovicë e Jugut
INICIATIVA E RE DEMOKRATIKE E KOSOVËS,6,0.02,Mitrovicë e Jugut
ESMIR KASI,1,0.0,Mitrovicë e Jugut
GRAÐANSKA İNİCİJATİVA GORE,10,0.03,Mitrovicë e Jugut
LIDHJA DEMOKRATIKE E KOSOVËS,7187,23.17,Mitrovicë e Jugut
SRPSKA LISTA,17,0.05,Mitrovicë e Jugut
PARTIA LIBERALE EGJIPTIANE,8,0.09,Mitrovicë e Veriut
PARTIA DEMOKRATIKE E KOSOVËS,499,5.69,Mitrovicë e Veriut
PARTIA E ASHKALINJËVE PËR INTEGRIM,8,0.09,Mitrovicë e Veriut
STRANKA DEMOKRATSKE AKCIJE,13,0.15,Mitrovicë e Veriut
PARTIJA KOSOVSKIH SRBA,57,0.65,Mitrovicë e Veriut
PARTIA DEMOKRATIKE E ASHKANLIVE TË KOSOVËS,3,0.03,Mitrovicë e Veriut
POKRET ZA GORA,22,0.25,Mitrovicë e Veriut
NOVA DEMOKRATSKA STRANKA,26,0.3,Mitrovicë e Veriut
AAK-PSD KOALICIONI 100% KOSOVË,70,0.8,Mitrovicë e Veriut
SLOBODA,51,0.58,Mitrovicë e Veriut
SAMOSTALNA LIBERALNA STRANKA,35,0.4,Mitrovicë e Veriut
NISMA SOCIALDEMOKRATE – ALEANCA KOSOVA E RE – PARTIA E DREJTËSISË,33,0.38,Mitrovicë e Veriut
JEDINSTVENA GORANSKA PARTIJA,6,0.07,Mitrovicë e Veriut
KOALICIJA VAKAT,68,0.78,Mitrovicë e Veriut
FJALA,13,0.15,Mitrovicë e Veriut
LËVIZJA VETËVENDOSJE!,448,5.11,Mitrovicë e Veriut
KOSOVA DEMOKRATIK TÜRK PARTISI,20,0.23,Mitrovicë e Veriut
PARTIA ROME E BASHKUAR E KOSOVËS,2,0.02,Mitrovicë e Veriut
PARTIA EUROATLANTIKE E KOSOVËS,0,0.0,Mitrovicë e Veriut
KOSOVAKI NEVI ROMANI PARTIA,0,0.0,Mitrovicë e Veriut
INICIATIVA E RE DEMOKRATIKE E KOSOVËS,3,0.03,Mitrovicë e Veriut
ESMIR KASI,2,0.02,Mitrovicë e Veriut
GRAÐANSKA İNİCİJATİVA GORE,11,0.13,Mitrovicë e Veriut
LIDHJA DEMOKRATIKE E KOSOVËS,248,2.83,Mitrovicë e Veriut
SRPSKA LISTA,7117,81.22,Mitrovicë e Veriut
PARTIA LIBERALE EGJIPTIANE,11,0.23,novoberde
PARTIA DEMOKRATIKE E KOSOVËS,260,5.51,novoberde
PARTIA E ASHKALINJËVE PËR INTEGRIM,2,0.04,novoberde
STRANKA DEMOKRATSKE AKCIJE,1,0.02,novoberde
PARTIJA KOSOVSKIH SRBA,9,0.19,novoberde
PARTIA DEMOKRATIKE E ASHKANLIVE TË KOSOVËS,1,0.02,novoberde
POKRET ZA GORA,0,0.0,novoberde
NOVA DEMOKRATSKA STRANKA,0,0.0,novoberde
AAK-PSD KOALICIONI 100% KOSOVË,215,4.56,novoberde
SLOBODA,2,0.04,novoberde
SAMOSTALNA LIBERALNA STRANKA,75,1.59,novoberde
NISMA SOCIALDEMOKRATE – ALEANCA KOSOVA E RE – PARTIA E DREJTËSISË,121,2.57,novoberde
JEDINSTVENA GORANSKA PARTIJA,2,0.04,novoberde
KOALICIJA VAKAT,0,0.0,novoberde
FJALA,6,0.13,novoberde
LËVIZJA VETËVENDOSJE!,513,10.88,novoberde
KOSOVA DEMOKRATIK TÜRK PARTISI,0,0.0,novoberde
PARTIA ROME E BASHKUAR E KOSOVËS,0,0.0,novoberde
PARTIA EUROATLANTIKE E KOSOVËS,13,0.28,novoberde
KOSOVAKI NEVI ROMANI PARTIA,0,0.0,novoberde
INICIATIVA E RE DEMOKRATIKE E KOSOVËS,0,0.0,novoberde
ESMIR KASI,1,0.02,novoberde
GRAÐANSKA İNİCİJATİVA GORE,6,0.13,novoberde
LIDHJA DEMOKRATIKE E KOSOVËS,546,11.58,novoberde
SRPSKA LISTA,2931,62.16,novoberde
PARTIA LIBERALE EGJIPTIANE,45,0.38,Novobërdë
PARTIA DEMOKRATIKE E KOSOVËS,2151,18.26,Novobërdë
PARTIA E ASHKALINJËVE PËR INTEGRIM,59,0.5,Novobërdë
STRANKA DEMOKRATSKE AKCIJE,20,0.17,Novobërdë
PARTIJA KOSOVSKIH SRBA,6,0.05,Novobërdë
PARTIA DEMOKRATIKE E ASHKANLIVE TË KOSOVËS,30,0.25,Novobërdë
POKRET ZA GORA,3,0.03,Novobërdë
NOVA DEMOKRATSKA STRANKA,11,0.09,Novobërdë
AAK-PSD KOALICIONI 100% KOSOVË,2235,18.98,Novobërdë
SLOBODA,3,0.03,Novobërdë
SAMOSTALNA LIBERALNA STRANKA,155,1.32,Novobërdë
NISMA SOCIALDEMOKRATE – ALEANCA KOSOVA E RE – PARTIA E DREJTËSISË,291,2.47,Novobërdë
JEDINSTVENA GORANSKA PARTIJA,2,0.02,Novobërdë
KOALICIJA VAKAT,4,0.03,Novobërdë
FJALA,39,0.33,Novobërdë
LËVIZJA VETËVENDOSJE!,2947,25.02,Novobërdë
KOSOVA DEMOKRATIK TÜRK PARTISI,2,0.02,Novobërdë
PARTIA ROME E BASHKUAR E KOSOVËS,12,0.1,Novobërdë
PARTIA EUROATLANTIKE E KOSOVËS,12,0.1,Novobërdë
KOSOVAKI NEVI ROMANI PARTIA,1,0.01,Novobërdë
INICIATIVA E RE DEMOKRATIKE E KOSOVËS,0,0.0,Novobërdë
ESMIR KASI,2,0.02,Novobërdë
GRAÐANSKA İNİCİJATİVA GORE,8,0.07,Novobërdë
LIDHJA DEMOKRATIKE E KOSOVËS,2494,21.18,Novobërdë
SRPSKA LISTA,1245,10.57,Novobërdë
PARTIA LIBERALE EGJIPTIANE,1,0.05,Partesh
PARTIA DEMOKRATIKE E KOSOVËS,0,0.0,Partesh
PARTIA E ASHKALINJËVE PËR INTEGRIM,2,0.09,Partesh
STRANKA DEMOKRATSKE AKCIJE,0,0.0,Partesh
PARTIJA KOSOVSKIH SRBA,3,0.14,Partesh
PARTIA DEMOKRATIKE E ASHKANLIVE TË KOSOVËS,0,0.0,Partesh
POKRET ZA GORA,0,0.0,Partesh
NOVA DEMOKRATSKA STRANKA,0,0.0,Partesh
AAK-PSD KOALICIONI 100% KOSOVË,1,0.05,Partesh
SLOBODA,21,1.0,Partesh
SAMOSTALNA LIBERALNA STRANKA,104,4.93,Partesh
NISMA SOCIALDEMOKRATE – ALEANCA KOSOVA E RE – PARTIA E DREJTËSISË,0,0.0,Partesh
JEDINSTVENA GORANSKA PARTIJA,0,0.0,Partesh
KOALICIJA VAKAT,1,0.05,Partesh
FJALA,0,0.0,Partesh
LËVIZJA VETËVENDOSJE!,5,0.24,Partesh
KOSOVA DEMOKRATIK TÜRK PARTISI,3,0.14,Partesh
PARTIA ROME E BASHKUAR E KOSOVËS,0,0.0,Partesh
PARTIA EUROATLANTIKE E KOSOVËS,0,0.0,Partesh
KOSOVAKI NEVI ROMANI PARTIA,1,0.05,Partesh
INICIATIVA E RE DEMOKRATIKE E KOSOVËS,1,0.05,Partesh
ESMIR KASI,0,0.0,Partesh
GRAÐANSKA İNİCİJATİVA GORE,0,0.0,Partesh
LIDHJA DEMOKRATIKE E KOSOVËS,2,0.09,Partesh
SRPSKA LISTA,1963,93.12,Partesh
PARTIA LIBERALE EGJIPTIANE,466,1.06,Pejë
PARTIA DEMOKRATIKE E KOSOVËS,4416,10.07,Pejë
PARTIA E ASHKALINJËVE PËR INTEGRIM,51,0.12,Pejë
STRANKA DEMOKRATSKE AKCIJE,316,0.72,Pejë
PARTIJA KOSOVSKIH SRBA,4,0.01,Pejë
PARTIA DEMOKRATIKE E ASHKANLIVE TË KOSOVËS,23,0.05,Pejë
POKRET ZA GORA,94,0.21,Pejë
NOVA DEMOKRATSKA STRANKA,456,1.04,Pejë
AAK-PSD KOALICIONI 100% KOSOVË,11733,26.74,Pejë
SLOBODA,13,0.03,Pejë
SAMOSTALNA LIBERALNA STRANKA,37,0.08,Pejë
NISMA SOCIALDEMOKRATE – ALEANCA KOSOVA E RE – PARTIA E DREJTËSISË,652,1.49,Pejë
JEDINSTVENA GORANSKA PARTIJA,13,0.03,Pejë
KOALICIJA VAKAT,474,1.08,Pejë
FJALA,259,0.59,Pejë
LËVIZJA VETËVENDOSJE!,9465,21.57,Pejë
KOSOVA DEMOKRATIK TÜRK PARTISI,14,0.03,Pejë
PARTIA ROME E BASHKUAR E KOSOVËS,115,0.26,Pejë
PARTIA EUROATLANTIKE E KOSOVËS,58,0.13,Pejë
KOSOVAKI NEVI ROMANI PARTIA,7,0.02,Pejë
INICIATIVA E RE DEMOKRATIKE E KOSOVËS,503,1.15,Pejë
ESMIR KASI,1,0.0,Pejë
GRAÐANSKA İNİCİJATİVA GORE,33,0.08,Pejë
LIDHJA DEMOKRATIKE E KOSOVËS,14180,32.32,Pejë
SRPSKA LISTA,488,1.11,Pejë
PARTIA LIBERALE EGJIPTIANE,194,0.53,Podujevë
PARTIA DEMOKRATIKE E KOSOVËS,6734,18.29,Podujevë
PARTIA E ASHKALINJËVE PËR INTEGRIM,152,0.41,Podujevë
STRANKA DEMOKRATSKE AKCIJE,22,0.06,Podujevë
PARTIJA KOSOVSKIH SRBA,8,0.02,Podujevë
PARTIA DEMOKRATIKE E ASHKANLIVE TË KOSOVËS,131,0.36,Podujevë
POKRET ZA GORA,24,0.07,Podujevë
NOVA DEMOKRATSKA STRANKA,32,0.09,Podujevë
AAK-PSD KOALICIONI 100% KOSOVË,1683,4.57,Podujevë
SLOBODA,5,0.01,Podujevë
SAMOSTALNA LIBERALNA STRANKA,2,0.01,Podujevë
NISMA SOCIALDEMOKRATE – ALEANCA KOSOVA E RE – PARTIA E DREJTËSISË,638,1.73,Podujevë
JEDINSTVENA GORANSKA PARTIJA,1,0.0,Podujevë
KOALICIJA VAKAT,29,0.08,Podujevë
FJALA,139,0.38,Podujevë
LËVIZJA VETËVENDOSJE!,12747,34.62,Podujevë
KOSOVA DEMOKRATIK TÜRK PARTISI,12,0.03,Podujevë
PARTIA ROME E BASHKUAR E KOSOVËS,4,0.01,Podujevë
PARTIA EUROATLANTIKE E KOSOVËS,16,0.04,Podujevë
KOSOVAKI NEVI ROMANI PARTIA,1,0.0,Podujevë
INICIATIVA E RE DEMOKRATIKE E KOSOVËS,6,0.02,Podujevë
ESMIR KASI,0,0.0,Podujevë
GRAÐANSKA İNİCİJATİVA GORE,26,0.07,Podujevë
LIDHJA DEMOKRATIKE E KOSOVËS,14192,38.54,Podujevë
SRPSKA LISTA,23,0.06,Podujevë
PARTIA LIBERALE EGJIPTIANE,149,0.15,Prishtinë
PARTIA DEMOKRATIKE E KOSOVËS,15456,15.46,Prishtinë
PARTIA E ASHKALINJËVE PËR INTEGRIM,92,0.09,Prishtinë
STRANKA DEMOKRATSKE AKCIJE,34,0.03,Prishtinë
PARTIJA KOSOVSKIH SRBA,23,0.02,Prishtinë
PARTIA DEMOKRATIKE E ASHKANLIVE TË KOSOVËS,100,0.1,Prishtinë
POKRET ZA GORA,17,0.02,Prishtinë
NOVA DEMOKRATSKA STRANKA,74,0.07,Prishtinë
AAK-PSD KOALICIONI 100% KOSOVË,7617,7.62,Prishtinë
SLOBODA,124,0.12,Prishtinë
SAMOSTALNA LIBERALNA STRANKA,64,0.06,Prishtinë
NISMA SOCIALDEMOKRATE – ALEANCA KOSOVA E RE – PARTIA E DREJTËSISË,4767,4.77,Prishtinë
JEDINSTVENA GORANSKA PARTIJA,25,0.03,Prishtinë
KOALICIJA VAKAT,108,0.11,Prishtinë
FJALA,351,0.35,Prishtinë
LËVIZJA VETËVENDOSJE!,37229,37.24,Prishtinë
KOSOVA DEMOKRATIK TÜRK PARTISI,606,0.61,Prishtinë
PARTIA ROME E BASHKUAR E KOSOVËS,11,0.01,Prishtinë
PARTIA EUROATLANTIKE E KOSOVËS,173,0.17,Prishtinë
KOSOVAKI NEVI ROMANI PARTIA,2,0.0,Prishtinë
INICIATIVA E RE DEMOKRATIKE E KOSOVËS,10,0.01,Prishtinë
ESMIR KASI,10,0.01,Prishtinë
GRAÐANSKA İNİCİJATİVA GORE,75,0.08,Prishtinë
LIDHJA DEMOKRATIKE E KOSOVËS,32497,32.5,Prishtinë
SRPSKA LISTA,366,0.37,Prishtinë
PARTIA LIBERALE EGJIPTIANE,316,0.52,Prizren
PARTIA DEMOKRATIKE E KOSOVËS,13161,21.46,Prizren
PARTIA E ASHKALINJËVE PËR INTEGRIM,203,0.33,Prizren
STRANKA DEMOKRATSKE AKCIJE,25,0.04,Prizren
PARTIJA KOSOVSKIH SRBA,8,0.01,Prizren
PARTIA DEMOKRATIKE E ASHKANLIVE TË KOSOVËS,53,0.09,Prizren
POKRET ZA GORA,50,0.08,Prizren
NOVA DEMOKRATSKA STRANKA,2819,4.6,Prizren
AAK-PSD KOALICIONI 100% KOSOVË,3843,6.27,Prizren
SLOBODA,17,0.03,Prizren
SAMOSTALNA LIBERALNA STRANKA,145,0.24,Prizren
NISMA SOCIALDEMOKRATE – ALEANCA KOSOVA E RE – PARTIA E DREJTËSISË,3210,5.23,Prizren
JEDINSTVENA GORANSKA PARTIJA,198,0.32,Prizren
KOALICIJA VAKAT,4265,6.95,Prizren
FJALA,340,0.55,Prizren
LËVIZJA VETËVENDOSJE!,16160,26.35,Prizren
KOSOVA DEMOKRATIK TÜRK PARTISI,3394,5.53,Prizren
PARTIA ROME E BASHKUAR E KOSOVËS,494,0.81,Prizren
PARTIA EUROATLANTIKE E KOSOVËS,75,0.12,Prizren
KOSOVAKI NEVI ROMANI PARTIA,196,0.32,Prizren
INICIATIVA E RE DEMOKRATIKE E KOSOVËS,14,0.02,Prizren
ESMIR KASI,472,0.77,Prizren
GRAÐANSKA İNİCİJATİVA GORE,129,0.21,Prizren
LIDHJA DEMOKRATIKE E KOSOVËS,11660,19.01,Prizren
SRPSKA LISTA,85,0.14,Prizren
PARTIA LIBERALE EGJIPTIANE,63,0.31,Rahovec
PARTIA DEMOKRATIKE E KOSOVËS,4281,21.29,Rahovec
PARTIA E ASHKALINJËVE PËR INTEGRIM,18,0.09,Rahovec
STRANKA DEMOKRATSKE AKCIJE,3,0.01,Rahovec
PARTIJA KOSOVSKIH SRBA,1,0.0,Rahovec
PARTIA DEMOKRATIKE E ASHKANLIVE TË KOSOVËS,16,0.08,Rahovec
POKRET ZA GORA,2,0.01,Rahovec
NOVA DEMOKRATSKA STRANKA,19,0.09,Rahovec
AAK-PSD KOALICIONI 100% KOSOVË,5117,25.45,Rahovec
SLOBODA,2,0.01,Rahovec
SAMOSTALNA LIBERALNA STRANKA,8,0.04,Rahovec
NISMA SOCIALDEMOKRATE – ALEANCA KOSOVA E RE – PARTIA E DREJTËSISË,748,3.72,Rahovec
JEDINSTVENA GORANSKA PARTIJA,14,0.07,Rahovec
KOALICIJA VAKAT,22,0.11,Rahovec
FJALA,242,1.2,Rahovec
LËVIZJA VETËVENDOSJE!,4283,21.3,Rahovec
KOSOVA DEMOKRATIK TÜRK PARTISI,3,0.01,Rahovec
PARTIA ROME E BASHKUAR E KOSOVËS,9,0.04,Rahovec
PARTIA EUROATLANTIKE E KOSOVËS,21,0.1,Rahovec
KOSOVAKI NEVI ROMANI PARTIA,2,0.01,Rahovec
INICIATIVA E RE DEMOKRATIKE E KOSOVËS,42,0.21,Rahovec
ESMIR KASI,2,0.01,Rahovec
GRAÐANSKA İNİCİJATİVA GORE,7,0.03,Rahovec
LIDHJA DEMOKRATIKE E KOSOVËS,4762,23.68,Rahovec
SRPSKA LISTA,419,2.08,Rahovec
PARTIA LIBERALE EGJIPTIANE,1,0.04,Ranillug
PARTIA DEMOKRATIKE E KOSOVËS,10,0.36,Ranillug
PARTIA E ASHKALINJËVE PËR INTEGRIM,1,0.04,Ranillug
STRANKA DEMOKRATSKE AKCIJE,2,0.07,Ranillug
PARTIJA KOSOVSKIH SRBA,5,0.18,Ranillug
PARTIA DEMOKRATIKE E ASHKANLIVE TË KOSOVËS,0,0.0,Ranillug
POKRET ZA GORA,0,0.0,Ranillug
NOVA DEMOKRATSKA STRANKA,0,0.0,Ranillug
AAK-PSD KOALICIONI 100% KOSOVË,10,0.36,Ranillug
SLOBODA,26,0.95,Ranillug
SAMOSTALNA LIBERALNA STRANKA,127,4.62,Ranillug
NISMA SOCIALDEMOKRATE – ALEANCA KOSOVA E RE – PARTIA E DREJTËSISË,7,0.25,Ranillug
JEDINSTVENA GORANSKA PARTIJA,0,0.0,Ranillug
KOALICIJA VAKAT,0,0.0,Ranillug
FJALA,4,0.15,Ranillug
LËVIZJA VETËVENDOSJE!,7,0.25,Ranillug
KOSOVA DEMOKRATIK TÜRK PARTISI,0,0.0,Ranillug
PARTIA ROME E BASHKUAR E KOSOVËS,0,0.0,Ranillug
PARTIA EUROATLANTIKE E KOSOVËS,0,0.0,Ranillug
KOSOVAKI NEVI ROMANI PARTIA,0,0.0,Ranillug
INICIATIVA E RE DEMOKRATIKE E KOSOVËS,2,0.07,Ranillug
ESMIR KASI,0,0.0,Ranillug
GRAÐANSKA İNİCİJATİVA GORE,0,0.0,Ranillug
LIDHJA DEMOKRATIKE E KOSOVËS,11,0.4,Ranillug
SRPSKA LISTA,2536,92.25,Ranillug
PARTIA LIBERALE EGJIPTIANE,65,0.54,Shtime
PARTIA DEMOKRATIKE E KOSOVËS,4014,33.36,Shtime
PARTIA E ASHKALINJËVE PËR INTEGRIM,244,2.03,Shtime
STRANKA DEMOKRATSKE AKCIJE,2,0.02,Shtime
PARTIJA KOSOVSKIH SRBA,3,0.02,Shtime
PARTIA DEMOKRATIKE E ASHKANLIVE TË KOSOVËS,97,0.81,Shtime
POKRET ZA GORA,0,0.0,Shtime
NOVA DEMOKRATSKA STRANKA,1,0.01,Shtime
AAK-PSD KOALICIONI 100% KOSOVË,477,3.96,Shtime
SLOBODA,2,0.02,Shtime
SAMOSTALNA LIBERALNA STRANKA,4,0.03,Shtime
NISMA SOCIALDEMOKRATE – ALEANCA KOSOVA E RE – PARTIA E DREJTËSISË,963,8.0,Shtime
JEDINSTVENA GORANSKA PARTIJA,8,0.07,Shtime
KOALICIJA VAKAT,2,0.02,Shtime
FJALA,41,0.34,Shtime
LËVIZJA VETËVENDOSJE!,3306,27.48,Shtime
KOSOVA DEMOKRATIK TÜRK PARTISI,3,0.02,Shtime
PARTIA ROME E BASHKUAR E KOSOVËS,15,0.12,Shtime
PARTIA EUROATLANTIKE E KOSOVËS,9,0.07,Shtime
KOSOVAKI NEVI ROMANI PARTIA,0,0.0,Shtime
INICIATIVA E RE DEMOKRATIKE E KOSOVËS,0,0.0,Shtime
ESMIR KASI,3,0.02,Shtime
GRAÐANSKA İNİCİJATİVA GORE,8,0.07,Shtime
LIDHJA DEMOKRATIKE E KOSOVËS,2759,22.93,Shtime
SRPSKA LISTA,5,0.04,Shtime
PARTIA LIBERALE EGJIPTIANE,4,0.06,Shtërpcë
PARTIA DEMOKRATIKE E KOSOVËS,520,7.21,Shtërpcë
PARTIA E ASHKALINJËVE PËR INTEGRIM,29,0.4,Shtërpcë
STRANKA DEMOKRATSKE AKCIJE,0,0.0,Shtërpcë
PARTIJA KOSOVSKIH SRBA,19,0.26,Shtërpcë
PARTIA DEMOKRATIKE E ASHKANLIVE TË KOSOVËS,8,0.11,Shtërpcë
POKRET ZA GORA,0,0.0,Shtërpcë
NOVA DEMOKRATSKA STRANKA,0,0.0,Shtërpcë
AAK-PSD KOALICIONI 100% KOSOVË,56,0.78,Shtërpcë
SLOBODA,30,0.42,Shtërpcë
SAMOSTALNA LIBERALNA STRANKA,339,4.7,Shtërpcë
NISMA SOCIALDEMOKRATE – ALEANCA KOSOVA E RE – PARTIA E DREJTËSISË,196,2.72,Shtërpcë
JEDINSTVENA GORANSKA PARTIJA,17,0.24,Shtërpcë
KOALICIJA VAKAT,2,0.03,Shtërpcë
FJALA,7,0.1,Shtërpcë
LËVIZJA VETËVENDOSJE!,438,6.07,Shtërpcë
KOSOVA DEMOKRATIK TÜRK PARTISI,31,0.43,Shtërpcë
PARTIA ROME E BASHKUAR E KOSOVËS,0,0.0,Shtërpcë
PARTIA EUROATLANTIKE E KOSOVËS,1,0.01,Shtërpcë
KOSOVAKI NEVI ROMANI PARTIA,0,0.0,Shtërpcë
INICIATIVA E RE DEMOKRATIKE E KOSOVËS,2,0.03,Shtërpcë
ESMIR KASI,0,0.0,Shtërpcë
GRAÐANSKA İNİCİJATİVA GORE,5,0.07,Shtërpcë
LIDHJA DEMOKRATIKE E KOSOVËS,455,6.31,Shtërpcë
SRPSKA LISTA,5054,70.07,Shtërpcë
PARTIA LIBERALE EGJIPTIANE,61,0.38,Skënderaj
PARTIA DEMOKRATIKE E KOSOVËS,12196,76.22,Skënderaj
PARTIA E ASHKALINJËVE PËR INTEGRIM,6,0.04,Skënderaj
STRANKA DEMOKRATSKE AKCIJE,0,0.0,Skënderaj
PARTIJA KOSOVSKIH SRBA,1,0.01,Skënderaj
PARTIA DEMOKRATIKE E ASHKANLIVE TË KOSOVËS,7,0.04,Skënderaj
POKRET ZA GORA,0,0.0,Skënderaj
NOVA DEMOKRATSKA STRANKA,6,0.04,Skënderaj
AAK-PSD KOALICIONI 100% KOSOVË,449,2.81,Skënderaj
SLOBODA,5,0.03,Skënderaj
SAMOSTALNA LIBERALNA STRANKA,3,0.02,Skënderaj
NISMA SOCIALDEMOKRATE – ALEANCA KOSOVA E RE – PARTIA E DREJTËSISË,1025,6.41,Skënderaj
JEDINSTVENA GORANSKA PARTIJA,1,0.01,Skënderaj
KOALICIJA VAKAT,1,0.01,Skënderaj
FJALA,120,0.75,Skënderaj
LËVIZJA VETËVENDOSJE!,1215,7.59,Skënderaj
KOSOVA DEMOKRATIK TÜRK PARTISI,5,0.03,Skënderaj
PARTIA ROME E BASHKUAR E KOSOVËS,0,0.0,Skënderaj
PARTIA EUROATLANTIKE E KOSOVËS,65,0.41,Skënderaj
KOSOVAKI NEVI ROMANI PARTIA,0,0.0,Skënderaj
INICIATIVA E RE DEMOKRATIKE E KOSOVËS,2,0.01,Skënderaj
ESMIR KASI,0,0.0,Skënderaj
GRAÐANSKA İNİCİJATİVA GORE,0,0.0,Skënderaj
LIDHJA DEMOKRATIKE E KOSOVËS,707,4.42,Skënderaj
SRPSKA LISTA,126,0.79,Skënderaj
PARTIA LIBERALE EGJIPTIANE,50,0.2,Suharekë
PARTIA DEMOKRATIKE E KOSOVËS,4445,17.54,Suharekë
PARTIA E ASHKALINJËVE PËR INTEGRIM,96,0.38,Suharekë
STRANKA DEMOKRATSKE AKCIJE,0,0.0,Suharekë
PARTIJA KOSOVSKIH SRBA,2,0.01,Suharekë
PARTIA DEMOKRATIKE E ASHKANLIVE TË KOSOVËS,94,0.37,Suharekë
POKRET ZA GORA,3,0.01,Suharekë
NOVA DEMOKRATSKA STRANKA,8,0.03,Suharekë
AAK-PSD KOALICIONI 100% KOSOVË,5317,20.98,Suharekë
SLOBODA,0,0.0,Suharekë
SAMOSTALNA LIBERALNA STRANKA,7,0.03,Suharekë
NISMA SOCIALDEMOKRATE – ALEANCA KOSOVA E RE – PARTIA E DREJTËSISË,1728,6.82,Suharekë
JEDINSTVENA GORANSKA PARTIJA,5,0.02,Suharekë
KOALICIJA VAKAT,11,0.04,Suharekë
FJALA,54,0.21,Suharekë
LËVIZJA VETËVENDOSJE!,4280,16.88,Suharekë
KOSOVA DEMOKRATIK TÜRK PARTISI,6,0.02,Suharekë
PARTIA ROME E BASHKUAR E KOSOVËS,23,0.09,Suharekë
PARTIA EUROATLANTIKE E KOSOVËS,19,0.07,Suharekë
KOSOVAKI NEVI ROMANI PARTIA,9,0.04,Suharekë
INICIATIVA E RE DEMOKRATIKE E KOSOVËS,5,0.02,Suharekë
ESMIR KASI,3,0.01,Suharekë
GRAÐANSKA İNİCİJATİVA GORE,19,0.07,Suharekë
LIDHJA DEMOKRATIKE E KOSOVËS,9141,36.06,Suharekë
SRPSKA LISTA,24,0.09,Suharekë
PARTIA LIBERALE EGJIPTIANE,30,0.15,Viti
PARTIA DEMOKRATIKE E KOSOVËS,3599,18.51,Viti
PARTIA E ASHKALINJËVE PËR INTEGRIM,17,0.09,Viti
STRANKA DEMOKRATSKE AKCIJE,11,0.06,Viti
PARTIJA KOSOVSKIH SRBA,2,0.01,Viti
PARTIA DEMOKRATIKE E ASHKANLIVE TË KOSOVËS,16,0.08,Viti
POKRET ZA GORA,3,0.02,Viti
NOVA DEMOKRATSKA STRANKA,4,0.02,Viti
AAK-PSD KOALICIONI 100% KOSOVË,1550,7.97,Viti
SLOBODA,3,0.02,Viti
SAMOSTALNA LIBERALNA STRANKA,6,0.03,Viti
NISMA SOCIALDEMOKRATE – ALEANCA KOSOVA E RE – PARTIA E DREJTËSISË,812,4.18,Viti
JEDINSTVENA GORANSKA PARTIJA,2,0.01,Viti
KOALICIJA VAKAT,11,0.06,Viti
FJALA,55,0.28,Viti
LËVIZJA VETËVENDOSJE!,6050,31.11,Viti
KOSOVA DEMOKRATIK TÜRK PARTISI,9,0.05,Viti
PARTIA ROME E BASHKUAR E KOSOVËS,2,0.01,Viti
PARTIA EUROATLANTIKE E KOSOVËS,20,0.1,Viti
KOSOVAKI NEVI ROMANI PARTIA,1,0.01,Viti
INICIATIVA E RE DEMOKRATIKE E KOSOVËS,4,0.02,Viti
ESMIR KASI,2,0.01,Viti
GRAÐANSKA İNİCİJATİVA GORE,13,0.07,Viti
LIDHJA DEMOKRATIKE E KOSOVËS,6632,34.1,Viti
SRPSKA LISTA,592,3.04,Viti
PARTIA LIBERALE EGJIPTIANE,105,0.33,Vushtrri
PARTIA DEMOKRATIKE E KOSOVËS,9023,28.5,Vushtrri
PARTIA E ASHKALINJËVE PËR INTEGRIM,23,0.07,Vushtrri
STRANKA DEMOKRATSKE AKCIJE,8,0.03,Vushtrri
PARTIJA KOSOVSKIH SRBA,2,0.01,Vushtrri
PARTIA DEMOKRATIKE E ASHKANLIVE TË KOSOVËS,16,0.05,Vushtrri
POKRET ZA GORA,0,0.0,Vushtrri
NOVA DEMOKRATSKA STRANKA,18,0.06,Vushtrri
AAK-PSD KOALICIONI 100% KOSOVË,1444,4.56,Vushtrri
SLOBODA,6,0.02,Vushtrri
SAMOSTALNA LIBERALNA STRANKA,26,0.08,Vushtrri
NISMA SOCIALDEMOKRATE – ALEANCA KOSOVA E RE – PARTIA E DREJTËSISË,1545,4.88,Vushtrri
JEDINSTVENA GORANSKA PARTIJA,1,0.0,Vushtrri
KOALICIJA VAKAT,28,0.09,Vushtrri
FJALA,168,0.53,Vushtrri
LËVIZJA VETËVENDOSJE!,10469,33.06,Vushtrri
KOSOVA DEMOKRATIK TÜRK PARTISI,260,0.82,Vushtrri
PARTIA ROME E BASHKUAR E KOSOVËS,18,0.06,Vushtrri
PARTIA EUROATLANTIKE E KOSOVËS,32,0.1,Vushtrri
KOSOVAKI NEVI ROMANI PARTIA,3,0.01,Vushtrri
INICIATIVA E RE DEMOKRATIKE E KOSOVËS,1,0.0,Vushtrri
ESMIR KASI,1,0.0,Vushtrri
GRAÐANSKA İNİCİJATİVA GORE,16,0.05,Vushtrri
LIDHJA DEMOKRATIKE E KOSOVËS,7443,23.51,Vushtrri
SRPSKA LISTA,1007,3.18,Vushtrri
PARTIA LIBERALE EGJIPTIANE,4,0.09,Zubin Potok
PARTIA DEMOKRATIKE E KOSOVËS,134,2.88,Zubin Potok
PARTIA E ASHKALINJËVE PËR INTEGRIM,0,0.0,Zubin Potok
STRANKA DEMOKRATSKE AKCIJE,0,0.0,Zubin Potok
PARTIJA KOSOVSKIH SRBA,17,0.37,Zubin Potok
PARTIA DEMOKRATIKE E ASHKANLIVE TË KOSOVËS,0,0.0,Zubin Potok
POKRET ZA GORA,1,0.02,Zubin Potok
NOVA DEMOKRATSKA STRANKA,2,0.04,Zubin Potok
AAK-PSD KOALICIONI 100% KOSOVË,36,0.77,Zubin Potok
SLOBODA,12,0.26,Zubin Potok
SAMOSTALNA LIBERALNA STRANKA,16,0.34,Zubin Potok
NISMA SOCIALDEMOKRATE – ALEANCA KOSOVA E RE – PARTIA E DREJTËSISË,14,0.3,Zubin Potok
JEDINSTVENA GORANSKA PARTIJA,1,0.02,Zubin Potok
KOALICIJA VAKAT,2,0.04,Zubin Potok
FJALA,1,0.02,Zubin Potok
LËVIZJA VETËVENDOSJE!,125,2.69,Zubin Potok
KOSOVA DEMOKRATIK TÜRK PARTISI,0,0.0,Zubin Potok
PARTIA ROME E BASHKUAR E KOSOVËS,0,0.0,Zubin Potok
PARTIA EUROATLANTIKE E KOSOVËS,1,0.02,Zubin Potok
KOSOVAKI NEVI ROMANI PARTIA,0,0.0,Zubin Potok
INICIATIVA E RE DEMOKRATIKE E KOSOVËS,0,0.0,Zubin Potok
ESMIR KASI,1,0.02,Zubin Potok
GRAÐANSKA İNİCİJATİVA GORE,7,0.15,Zubin Potok
LIDHJA DEMOKRATIKE E KOSOVËS,128,2.75,Zubin Potok
SRPSKA LISTA,4151,89.21,Zubin Potok
PARTIA LIBERALE EGJIPTIANE,1,0.02,Zveçan
PARTIA DEMOKRATIKE E KOSOVËS,71,1.58,Zveçan
PARTIA E ASHKALINJËVE PËR INTEGRIM,2,0.04,Zveçan
STRANKA DEMOKRATSKE AKCIJE,3,0.07,Zveçan
PARTIJA KOSOVSKIH SRBA,39,0.87,Zveçan
PARTIA DEMOKRATIKE E ASHKANLIVE TË KOSOVËS,2,0.04,Zveçan
POKRET ZA GORA,3,0.07,Zveçan
NOVA DEMOKRATSKA STRANKA,2,0.04,Zveçan
AAK-PSD KOALICIONI 100% KOSOVË,8,0.18,Zveçan
SLOBODA,16,0.36,Zveçan
SAMOSTALNA LIBERALNA STRANKA,20,0.45,Zveçan
NISMA SOCIALDEMOKRATE – ALEANCA KOSOVA E RE – PARTIA E DREJTËSISË,4,0.09,Zveçan
JEDINSTVENA GORANSKA PARTIJA,1,0.02,Zveçan
KOALICIJA VAKAT,3,0.07,Zveçan
FJALA,0,0.0,Zveçan
LËVIZJA VETËVENDOSJE!,54,1.2,Zveçan
KOSOVA DEMOKRATIK TÜRK PARTISI,0,0.0,Zveçan
PARTIA ROME E BASHKUAR E KOSOVËS,0,0.0,Zveçan
PARTIA EUROATLANTIKE E KOSOVËS,1,0.02,Zveçan
KOSOVAKI NEVI ROMANI PARTIA,1,0.02,Zveçan
INICIATIVA E RE DEMOKRATIKE E KOSOVËS,1,0.02,Zveçan
ESMIR KASI,1,0.02,Zveçan
GRAÐANSKA İNİCİJATİVA GORE,6,0.13,Zveçan
LIDHJA DEMOKRATIKE E KOSOVËS,98,2.19,Zveçan
SRPSKA LISTA,4148,92.49,Zveçan
